url,judul,konten
https://jigolokayitolun.xyz/mikel-merino-striker-permanen-arsenal/,"Cetak Gol Lagi, Mikel Merino Bikin Arteta Kepikiran",Tidak ada konten
https://jigolokayitolun.xyz/update-demo-dpr-terkini-indonesia-v1-jigolo/,Update Demo DPR Terkini Indonesia v1 Jigolo Amanah Betrayal of Trust is Undeniable,Tidak ada konten
https://jigolokayitolun.xyz/brave-pink-hero-green-perspektif-ekonomi/,Brave Pink Hero Green Perspektif Ekonomi Digital 6 FAQ,Tidak ada konten
https://jigolokayitolun.xyz/opta/,Kategori: Opini & Fakta,Tidak ada konten
https://jigolokayitolun.xyz/tentang-kami/,Tentang Kami,Tidak ada konten
https://jigolokayitolun.xyz/ekbis/,Kategori: Ekonomi & Bisnis,Tidak ada konten
https://jigolokayitolun.xyz/,Jigoloka,Tidak ada konten
https://jigolokayitolun.xyz/fintech-dan-pembayaran-digital-di-indonesia/,"Fintech dan Pembayaran Digital di Indonesia: Tren, Inovasi, dan Tantangan 201 Ekonomi Digital Indonesia",Tidak ada konten
https://jigolokayitolun.xyz/kebijakan-konten/,Kebijakan Konten,Tidak ada konten
https://jigolokayitolun.xyz/profil-deportivo-cali-liga-betplay/,Profil Deportivo Cali Klub Legendaris Kolombia,Tidak ada konten
https://jigolokayitolun.xyz/tekdig/,Kategori: Teknologi & Digital,Tidak ada konten
https://jigolokayitolun.xyz/narasi-ekonomi-digital-antara-peluang/,"Narasi Ekonomi Digital: Antara 3 Peluang, Tantangan, dan Masa Depan Indonesia",Tidak ada konten
https://jigolokayitolun.xyz/ekonomi-digital-indonesia-e-commerce/,"5 Faktor Ekonomi Digital Indonesia : Dari E-Commerce hingga AI, Siap Jadi Kekuatan Baru Asia",Tidak ada konten
https://jigolokayitolun.xyz/kapolsek-cinangka-klarifikasi-isu/,Kapolsek Cinangka Klarifikasi Isu Penolakan Pendampingan Korban Terbukti Latest Fail Penembakan di Tol Tangerang-Merak 3 Fakta menarik,Tidak ada konten
https://jigolokayitolun.xyz/privasi-keamanan/,Privasi & Keamanan,Tidak ada konten
https://jigolokayitolun.xyz/kepercayaan-publik/,Kepercayaan Publik,Tidak ada konten
https://jigolokayitolun.xyz/ores/,Kategori: Olahraga & eSports,Tidak ada konten
https://jigolokayitolun.xyz/pedoman-media-siber/,Pedoman Media Siber,Tidak ada konten
https://jigolokayitolun.xyz/platform-sosial-media-paling-populer/,Platform Sosial Media Paling Populer di Indonesia (2025),Tidak ada konten
https://jigolokayitolun.xyz/demonstrasi-nasional-mengungkap-sejarah-kelam/,Demonstrasi Nasional: Mengungkap Sejarah Kelam Negeri Indonesia v1,Tidak ada konten
https://jigolokayitolun.xyz/author/info/,Penulis: Mason Perkins,Tidak ada konten
https://jigolokayitolun.xyz/narasi-rakyat-digital-ekonomi-digital/,Narasi Rakyat Digital: Membangun Ekonomi Digital 2 dari Perspektif Media dan Masyarakat,Tidak ada konten
https://jigolokayitolun.xyz/5-alasan-negara-indonesia-disebut-negara-maritim/,5 alasan negara indonesia disebut negara maritim Majestic Oceans Powerful,Tidak ada konten
https://jigolokayitolun.xyz/ekonomi-kreator-dan-konten-digital/,Ekonomi Kreator dan Konten Digital di Indonesia 201 Narasi Digital Indonesia,Tidak ada konten
https://jigolokayitolun.xyz/strategi-nasional-dan-gerakan-anti-judi-online/,"Strategi Nasional dan Gerakan Anti-Judi Online di Indonesia: 3 Dampak, Solusi, dan Kesadaran Publik",Tidak ada konten
https://jigolokayitolun.xyz/inter-miami-vs-lafc-semifinal/,Inter Miami vs LAFC: Duel Panas Demi Tiket Semifinal Concacaf!,Tidak ada konten
https://jigolokayitolun.xyz/kontroversi-indonesia-gelap-7-fakta-lapangan/,Kontroversi Indonesia Gelap dan 7 Fakta Lapangan,Tidak ada konten
https://jigolokayitolun.xyz/tragedi-demo-memanas-ojek-online-tewas/,"Tragedi Demo Memanas, Ojek Online Tewas di Lokasi 201 jigolokayitolun",Tidak ada konten
https://jigolokayitolun.xyz/blog/,Kategori: Blog,Tidak ada konten
https://jigolokayitolun.xyz/hilife/,Kategori: Hiburan & Lifestyle,Tidak ada konten
https://jigolokayitolun.xyz/edkar/,Kategori: Edukasi & Karier,Tidak ada konten
https://jigolokayitolun.xyz/kabur-aja-dulu-keresahan-anak-muda/,Kabur Aja Dulu: Keresahan Anak Muda yang Mengguncang Harapan,Tidak ada konten
https://jigolokayitolun.xyz/hari-polisi-wanita-indonesia-dari-sejarah-1948/,"Hari Polisi Wanita 1 September: Sejarah, Peran, dan Makna di Indonesia",Tidak ada konten
https://jigolokayitolun.xyz/ketentuan-pengguna/,Ketentuan Pengguna,Tidak ada konten
https://jigolokayitolun.xyz/diusir-hotel-indonesia-pekalongan/,Diusir!! Hotel indonesia pekalongan Embarrassing Bintang 1 saja,Tidak ada konten
https://jigolokayitolun.xyz/page/2/,Jigoloka,Tidak ada konten
https://jigolokayitolun.xyz/napol/,Kategori: Nasional & Politik,Tidak ada konten
https://jigolokayitolun.xyz/esports-indonesia-olahraga-tradisional/,Olahraga Tradisional atau Esports Indonesia Masa Depan?,Tidak ada konten
